A10E4LHR5D2K1B,468,"2020-02-14 12:40:51AM","2020-02-14 12:45:24AM",10,7.0,0.29
A10E4LHR5D2K1B,469,"2020-02-14 12:45:54AM","2020-02-14 12:49:29AM",9,7.0,0.26
A10E4LHR5D2K1B,470,"2020-02-14 12:49:58AM","2020-02-14 12:53:11AM",9,5.0,0.24
A10E4LHR5D2K1B,471,"2020-02-14 12:53:55AM","2020-02-14 12:56:39AM",10,6.0,0.24
A10E4LHR5D2K1B,472,"2020-02-14 12:57:01AM","2020-02-14 12:59:00AM",10,8.0,0.26
A12PZT2MUOY9I4,208,"2020-02-12 01:59:21AM","2020-02-12 02:00:54AM",10,8.0,0.29
A12PZT2MUOY9I4,209,"2020-02-12 02:01:02AM","2020-02-12 02:02:09AM",10,5.0,0.27
A12PZT2MUOY9I4,210,"2020-02-12 02:02:34AM","2020-02-12 02:03:27AM",10,6.0,0.24
A12PZT2MUOY9I4,211,"2020-02-12 02:03:36AM","2020-02-12 02:04:46AM",10,5.0,0.22
A12PZT2MUOY9I4,212,"2020-02-12 02:04:59AM","2020-02-12 02:05:50AM",9,3.0,0.24
A17YHLSRIOLN3R,484,"2020-02-15 02:06:15PM","2020-02-15 02:07:46PM",10,8.0,0.31
A17YHLSRIOLN3R,485,"2020-02-15 02:07:57PM","2020-02-15 02:09:39PM",10,6.0,0.29
A17YHLSRIOLN3R,486,"2020-02-15 02:09:52PM","2020-02-15 02:11:25PM",10,8.0,0.29
A17YHLSRIOLN3R,487,"2020-02-15 02:11:39PM","2020-02-15 02:12:52PM",10,5.0,0.26
A17YHLSRIOLN3R,488,"2020-02-15 02:13:01PM","2020-02-15 02:14:22PM",10,9.0,0.28
A19QMK6Z98GB7R,75,"2020-02-11 01:16:10PM","2020-02-11 01:18:57PM",10,10.0,0.26
A19QMK6Z98GB7R,76,"2020-02-11 01:19:16PM","2020-02-11 01:22:18PM",9,9.0,0.24
A19QMK6Z98GB7R,77,"2020-02-11 01:22:57PM","2020-02-11 01:26:44PM",10,7.0,0.25
A19QMK6Z98GB7R,78,"2020-02-11 01:27:18PM","2020-02-11 01:29:28PM",10,7.0,0.29
A19QMK6Z98GB7R,79,"2020-02-11 01:29:45PM","2020-02-11 01:32:27PM",10,8.0,0.29
A1FUQZSFQ2ENEF,121,"2020-02-11 03:11:49PM","2020-02-11 03:15:12PM",10,8.0,0.27
A1FUQZSFQ2ENEF,122,"2020-02-11 03:15:27PM","2020-02-11 03:17:35PM",10,9.0,0.26
A1FUQZSFQ2ENEF,123,"2020-02-11 03:17:45PM","2020-02-11 03:19:41PM",10,8.0,0.29
A1FUQZSFQ2ENEF,124,"2020-02-11 03:19:52PM","2020-02-11 03:23:15PM",10,8.0,0.28
A1FUQZSFQ2ENEF,125,"2020-02-11 03:23:29PM","2020-02-11 03:25:37PM",10,7.0,0.29
A1G6FOCQ4G967A,417,"2020-02-12 06:10:11PM","2020-02-12 06:11:21PM",9,7.0,0.23
A1G6FOCQ4G967A,418,"2020-02-12 06:11:57PM","2020-02-12 06:13:45PM",10,7.0,0.24
A1G6FOCQ4G967A,419,"2020-02-12 06:13:51PM","2020-02-12 06:16:05PM",10,4.0,0.27
A1G6FOCQ4G967A,420,"2020-02-12 06:16:31PM","2020-02-12 06:19:22PM",10,5.0,0.27
A1G6FOCQ4G967A,421,"2020-02-12 06:19:30PM","2020-02-12 06:21:56PM",10,7.0,0.3
A1H02T7P69OQ7F,334,"2020-02-12 12:35:45PM","2020-02-12 12:39:29PM",7,2.0,0.21
A1H02T7P69OQ7F,335,"2020-02-12 12:40:16PM","2020-02-12 12:43:04PM",10,6.0,0.31
A1H02T7P69OQ7F,336,"2020-02-12 12:46:01PM","2020-02-12 12:48:30PM",10,4.0,0.29
A1H02T7P69OQ7F,337,"2020-02-12 12:48:48PM","2020-02-12 12:54:48PM",10,4.0,0.25
A1H02T7P69OQ7F,338,"2020-02-12 12:55:37PM","2020-02-12 12:57:22PM",10,7.0,0.26
A1HRH92NH49RX2,176,"2020-02-11 07:06:24PM","2020-02-11 07:07:35PM",10,7.0,0.26
A1HRH92NH49RX2,177,"2020-02-11 07:07:41PM","2020-02-11 07:08:42PM",10,7.0,0.29
A1HRH92NH49RX2,178,"2020-02-11 07:08:48PM","2020-02-11 07:09:31PM",10,6.0,0.3
A1HRH92NH49RX2,179,"2020-02-11 07:09:36PM","2020-02-11 07:10:38PM",10,5.0,0.29
A1HRH92NH49RX2,180,"2020-02-11 07:10:46PM","2020-02-11 07:11:44PM",10,8.0,0.31
A1HYBTBCRYOOYQ,293,"2020-02-12 08:30:53AM","2020-02-12 08:32:17AM",9,8.0,0.21
A1HYBTBCRYOOYQ,294,"2020-02-12 08:32:33AM","2020-02-12 08:34:16AM",10,8.0,0.24
A1HYBTBCRYOOYQ,295,"2020-02-12 08:34:22AM","2020-02-12 08:35:56AM",10,8.0,0.26
A1HYBTBCRYOOYQ,296,"2020-02-12 08:36:08AM","2020-02-12 08:37:43AM",10,6.0,0.27
A1HYBTBCRYOOYQ,297,"2020-02-12 08:38:11AM","2020-02-12 08:39:13AM",10,6.0,0.31
A1LJRHW7DSCHOW,444,"2020-02-12 10:56:03PM","2020-02-12 10:56:52PM",9,5.0,0.2
A1LJRHW7DSCHOW,445,"2020-02-12 10:56:58PM","2020-02-12 10:57:50PM",10,6.0,0.27
A1LJRHW7DSCHOW,446,"2020-02-12 10:58:05PM","2020-02-12 10:59:05PM",10,8.0,0.29
A1LJRHW7DSCHOW,447,"2020-02-12 10:59:09PM","2020-02-12 11:00:04PM",10,8.0,0.28
A1LJRHW7DSCHOW,448,"2020-02-12 11:00:17PM","2020-02-12 11:01:28PM",10,7.0,0.28
A1LQQ7UQKJYITI,160,"2020-02-11 05:41:59PM","2020-02-11 05:42:59PM",9,4.0,0.3
A1LQQ7UQKJYITI,161,"2020-02-11 05:43:04PM","2020-02-11 05:43:42PM",10,6.0,0.29
A1LQQ7UQKJYITI,162,"2020-02-11 05:43:47PM","2020-02-11 05:44:31PM",10,6.0,0.28
A1LQQ7UQKJYITI,163,"2020-02-11 05:44:35PM","2020-02-11 05:45:15PM",10,4.0,0.28
A1LQQ7UQKJYITI,164,"2020-02-11 05:45:19PM","2020-02-11 05:46:01PM",10,6.0,0.23
A1NCIKNP38QAK6,116,"2020-02-11 02:51:35PM","2020-02-11 02:52:41PM",10,9.0,0.26
A1NCIKNP38QAK6,117,"2020-02-11 02:52:50PM","2020-02-11 02:53:48PM",10,8.0,0.28
A1NCIKNP38QAK6,118,"2020-02-11 02:53:57PM","2020-02-11 02:54:56PM",10,8.0,0.29
A1NCIKNP38QAK6,119,"2020-02-11 02:55:01PM","2020-02-11 02:55:55PM",10,8.0,0.29
A1NCIKNP38QAK6,120,"2020-02-11 02:56:03PM","2020-02-11 02:57:13PM",10,7.0,0.31
A1NO6ZM4D7A6AB,361,"2020-02-12 02:29:02PM","2020-02-12 02:29:33PM",8,5.0,0.21
A1NO6ZM4D7A6AB,362,"2020-02-12 02:29:58PM","2020-02-12 02:30:43PM",10,8.0,0.23
A1NO6ZM4D7A6AB,363,"2020-02-12 02:30:47PM","2020-02-12 02:31:19PM",10,8.0,0.27
A1NO6ZM4D7A6AB,364,"2020-02-12 02:31:23PM","2020-02-12 02:32:06PM",10,8.0,0.29
A1NO6ZM4D7A6AB,365,"2020-02-12 02:32:12PM","2020-02-12 02:32:57PM",10,7.0,0.3
A1OS7VYYVLF0AX,277,"2020-02-12 04:29:56AM","2020-02-12 04:32:01AM",10,6.0,0.3
A1OS7VYYVLF0AX,278,"2020-02-12 04:32:41AM","2020-02-12 04:34:16AM",9,6.0,0.28
A1OS7VYYVLF0AX,279,"2020-02-12 04:34:40AM","2020-02-12 04:36:03AM",7,4.0,0.21
A1OS7VYYVLF0AX,280,"2020-02-12 04:36:31AM","2020-02-12 04:37:33AM",9,5.0,0.24
A1OS7VYYVLF0AX,281,"2020-02-12 04:37:44AM","2020-02-12 04:39:18AM",10,8.0,0.25
A1Q89Q9URVARUG,27,"2020-02-11 10:03:33AM","2020-02-11 10:05:28AM",10,8.0,0.29
A1Q89Q9URVARUG,28,"2020-02-11 10:05:42AM","2020-02-11 10:07:33AM",10,8.0,0.31
A1Q89Q9URVARUG,29,"2020-02-11 10:07:46AM","2020-02-11 10:09:17AM",10,7.0,0.29
A1Q89Q9URVARUG,30,"2020-02-11 10:09:29AM","2020-02-11 10:10:44AM",10,6.0,0.26
A1Q89Q9URVARUG,31,"2020-02-11 10:11:00AM","2020-02-11 10:11:55AM",10,7.0,0.24
A1SE0JWWA7WH5L,303,"2020-02-12 09:29:49AM","2020-02-12 09:33:05AM",10,8.0,0.31
A1SE0JWWA7WH5L,304,"2020-02-12 09:33:17AM","2020-02-12 09:35:14AM",9,8.0,0.27
A1SE0JWWA7WH5L,305,"2020-02-12 09:35:42AM","2020-02-12 09:36:56AM",8,5.0,0.21
A1SE0JWWA7WH5L,306,"2020-02-12 09:37:18AM","2020-02-12 09:38:43AM",10,7.0,0.25
A1SE0JWWA7WH5L,307,"2020-02-12 09:39:02AM","2020-02-12 09:40:31AM",10,6.0,0.23
A1UGBF713D1AGZ,37,"2020-02-11 10:42:05AM","2020-02-11 10:43:11AM",10,9.0,0.27
A1UGBF713D1AGZ,38,"2020-02-11 10:43:19AM","2020-02-11 10:44:27AM",10,9.0,0.27
A1UGBF713D1AGZ,39,"2020-02-11 10:44:34AM","2020-02-11 10:45:06AM",10,9.0,0.27
A1UGBF713D1AGZ,40,"2020-02-11 10:45:18AM","2020-02-11 10:46:14AM",10,9.0,0.29
A1UGBF713D1AGZ,41,"2020-02-11 10:46:26AM","2020-02-11 10:47:16AM",10,10.0,0.26
A1V3KOQXC2MUJ6,309,"2020-02-12 09:47:20AM","2020-02-12 09:48:32AM",10,8.0,0.26
A1V3KOQXC2MUJ6,310,"2020-02-12 09:48:40AM","2020-02-12 09:50:54AM",10,6.0,0.27
A1V3KOQXC2MUJ6,311,"2020-02-12 09:51:04AM","2020-02-12 09:52:29AM",10,7.0,0.26
A1V3KOQXC2MUJ6,312,"2020-02-12 09:52:39AM","2020-02-12 09:54:16AM",9,7.0,0.26
A1V3KOQXC2MUJ6,313,"2020-02-12 09:54:40AM","2020-02-12 09:55:51AM",10,7.0,0.28
A1VU3AAUHYB1B3,387,"2020-02-12 03:24:38PM","2020-02-12 03:26:01PM",10,8.0,0.26
A1VU3AAUHYB1B3,388,"2020-02-12 03:26:10PM","2020-02-12 03:28:05PM",10,9.0,0.27
A1VU3AAUHYB1B3,389,"2020-02-12 03:28:19PM","2020-02-12 03:29:16PM",10,6.0,0.28
A1VU3AAUHYB1B3,390,"2020-02-12 03:29:25PM","2020-02-12 03:30:21PM",10,6.0,0.28
A1VU3AAUHYB1B3,391,"2020-02-12 03:30:26PM","2020-02-12 03:31:09PM",10,7.0,0.34
A1XQID5VRCNP42,373,"2020-02-12 02:57:39PM","2020-02-12 02:59:51PM",10,6.0,0.26
A1XQID5VRCNP42,374,"2020-02-12 03:00:30PM","2020-02-12 03:01:24PM",10,9.0,0.24
A1XQID5VRCNP42,375,"2020-02-12 03:01:33PM","2020-02-12 03:02:32PM",10,7.0,0.28
A1XQID5VRCNP42,376,"2020-02-12 03:02:44PM","2020-02-12 03:04:03PM",10,8.0,0.3
A1XQID5VRCNP42,377,"2020-02-12 03:04:18PM","2020-02-12 03:05:17PM",10,6.0,0.3
A1ZNHWL3R1SHBC,22,"2020-02-11 09:16:40AM","2020-02-11 09:16:47AM",2,2.0,0.05
A1ZNHWL3R1SHBC,23,"2020-02-11 09:17:10AM","2020-02-11 09:17:17AM",2,1.0,0.05
A1ZNHWL3R1SHBC,24,"2020-02-11 09:17:32AM","2020-02-11 09:17:38AM",2,1.0,0.05
A1ZNHWL3R1SHBC,25,"2020-02-11 09:17:46AM","2020-02-11 09:18:39AM",9,8.0,0.29
A1ZNHWL3R1SHBC,26,"2020-02-11 09:18:51AM","2020-02-11 09:19:03AM",2,0.0,0.05
A20ETN0FA897XC,541,"2020-02-17 02:04:55PM","2020-02-17 02:07:45PM",9,7.0,0.25
A20ETN0FA897XC,542,"2020-02-17 02:07:59PM","2020-02-17 02:10:06PM",10,8.0,0.28
A20ETN0FA897XC,543,"2020-02-17 02:10:24PM","2020-02-17 02:12:17PM",9,5.0,0.27
A20ETN0FA897XC,544,"2020-02-17 02:12:28PM","2020-02-17 02:13:49PM",8,7.0,0.2
A20ETN0FA897XC,545,"2020-02-17 02:14:03PM","2020-02-17 02:15:31PM",9,5.0,0.22
A21XMG5KSWXX9M,324,"2020-02-12 11:32:58AM","2020-02-12 11:33:58AM",10,9.0,0.3
A21XMG5KSWXX9M,325,"2020-02-12 11:34:04AM","2020-02-12 11:35:22AM",10,5.0,0.28
A21XMG5KSWXX9M,326,"2020-02-12 11:35:31AM","2020-02-12 11:36:22AM",10,9.0,0.28
A21XMG5KSWXX9M,327,"2020-02-12 11:36:28AM","2020-02-12 11:37:23AM",10,6.0,0.25
A21XMG5KSWXX9M,328,"2020-02-12 11:37:31AM","2020-02-12 11:38:15AM",10,5.0,0.28
A23PQMG7CSE4FS,85,"2020-02-11 01:36:32PM","2020-02-11 01:38:13PM",10,7.0,0.28
A23PQMG7CSE4FS,86,"2020-02-11 01:38:26PM","2020-02-11 01:41:49PM",10,5.0,0.29
A23PQMG7CSE4FS,87,"2020-02-11 01:42:00PM","2020-02-11 01:43:14PM",10,8.0,0.31
A23PQMG7CSE4FS,88,"2020-02-11 01:43:23PM","2020-02-11 01:44:49PM",10,6.0,0.32
A23PQMG7CSE4FS,89,"2020-02-11 01:44:58PM","2020-02-11 01:46:06PM",10,5.0,0.34
A25Q9MNP4M7THO,367,"2020-02-12 02:42:25PM","2020-02-12 02:43:39PM",10,9.0,0.3
A25Q9MNP4M7THO,368,"2020-02-12 02:43:46PM","2020-02-12 02:44:28PM",10,7.0,0.29
A25Q9MNP4M7THO,369,"2020-02-12 02:44:34PM","2020-02-12 02:45:48PM",10,5.0,0.27
A25Q9MNP4M7THO,370,"2020-02-12 02:45:53PM","2020-02-12 02:46:46PM",10,9.0,0.27
A25Q9MNP4M7THO,371,"2020-02-12 02:46:55PM","2020-02-12 02:47:37PM",10,6.0,0.25
A262EK9JW5FTK4,245,"2020-02-12 02:45:43AM","2020-02-12 02:46:55AM",10,8.0,0.22
A262EK9JW5FTK4,246,"2020-02-12 02:47:05AM","2020-02-12 02:49:07AM",10,7.0,0.24
A262EK9JW5FTK4,247,"2020-02-12 02:49:14AM","2020-02-12 02:50:29AM",10,7.0,0.23
A262EK9JW5FTK4,248,"2020-02-12 02:50:36AM","2020-02-12 02:51:36AM",10,8.0,0.26
A262EK9JW5FTK4,249,"2020-02-12 02:51:44AM","2020-02-12 02:54:44AM",10,6.0,0.25
A26KOGQVJXSXER,47,"2020-02-11 11:21:01AM","2020-02-11 11:22:28AM",10,6.0,0.32
A26KOGQVJXSXER,48,"2020-02-11 11:22:38AM","2020-02-11 11:24:55AM",10,6.0,0.3
A26KOGQVJXSXER,49,"2020-02-11 11:25:00AM","2020-02-11 11:26:32AM",9,7.0,0.24
A26KOGQVJXSXER,50,"2020-02-11 11:26:40AM","2020-02-11 11:29:27AM",10,7.0,0.27
A26KOGQVJXSXER,51,"2020-02-11 11:29:35AM","2020-02-11 11:30:30AM",10,8.0,0.23
A26T17KHYA5S3S,103,"2020-02-11 02:18:32PM","2020-02-11 02:18:32PM",1,1.0,0.04
A26T17KHYA5S3S,104,"2020-02-11 02:18:58PM","2020-02-11 02:19:47PM",6,3.0,0.16
A26T17KHYA5S3S,106,"2020-02-11 02:20:04PM","2020-02-11 02:20:46PM",7,5.0,0.17
A26T17KHYA5S3S,107,"2020-02-11 02:20:58PM","2020-02-11 02:21:19PM",5,5.0,0.11
A29W8FRNCUTIM9,556,"2020-02-17 06:15:27PM","2020-02-17 06:16:34PM",5,1.0,0.16
A29W8FRNCUTIM9,557,"2020-02-17 06:16:49PM","2020-02-17 06:17:34PM",9,6.0,0.25
A29W8FRNCUTIM9,558,"2020-02-17 06:17:57PM","2020-02-17 06:18:30PM",9,2.0,0.24
A29W8FRNCUTIM9,559,"2020-02-17 06:18:44PM","2020-02-17 06:19:27PM",7,3.0,0.19
A29W8FRNCUTIM9,560,"2020-02-17 06:19:50PM","2020-02-17 06:20:13PM",5,1.0,0.17
A2AUD0EEYGAWKH,505,"2020-02-15 07:49:57PM","2020-02-15 07:51:25PM",10,8.0,0.26
A2AUD0EEYGAWKH,506,"2020-02-15 07:51:30PM","2020-02-15 07:53:26PM",8,5.0,0.22
A2AUD0EEYGAWKH,507,"2020-02-15 07:54:59PM","2020-02-15 07:56:01PM",10,9.0,0.29
A2AUD0EEYGAWKH,508,"2020-02-15 07:56:10PM","2020-02-15 07:57:24PM",10,7.0,0.3
A2AUD0EEYGAWKH,509,"2020-02-15 07:57:31PM","2020-02-15 07:59:04PM",10,7.0,0.34
A2B7M6DUEI4WGX,489,"2020-02-15 05:10:04PM","2020-02-15 05:10:47PM",6,4.0,0.11
A2B7M6DUEI4WGX,490,"2020-02-15 05:11:03PM","2020-02-15 05:11:50PM",10,9.0,0.25
A2B7M6DUEI4WGX,491,"2020-02-15 05:12:00PM","2020-02-15 05:12:50PM",10,10.0,0.28
A2B7M6DUEI4WGX,492,"2020-02-15 05:12:57PM","2020-02-15 05:13:46PM",10,9.0,0.27
A2B7M6DUEI4WGX,493,"2020-02-15 05:13:51PM","2020-02-15 05:15:14PM",10,7.0,0.29
A2D2MD5O79XHXY,350,"2020-02-12 01:25:33PM","2020-02-12 01:26:48PM",5,3.0,0.11
A2D2MD5O79XHXY,351,"2020-02-12 01:27:09PM","2020-02-12 01:27:23PM",2,1.0,0.05
A2D2MD5O79XHXY,352,"2020-02-12 01:27:50PM","2020-02-12 01:27:50PM",1,0.0,0.03
A2D2MD5O79XHXY,353,"2020-02-12 01:28:48PM","2020-02-12 01:28:48PM",1,0.0,0.02
A2D2MD5O79XHXY,354,"2020-02-12 01:29:18PM","2020-02-12 01:30:42PM",9,8.0,0.26
A2G2S14YIRXEKP,344,"2020-02-12 01:21:34PM","2020-02-12 01:23:30PM",10,8.0,0.24
A2G2S14YIRXEKP,345,"2020-02-12 01:23:38PM","2020-02-12 01:46:33PM",3,3.0,0.1
A2H557RQ3T3LPX,192,"2020-02-11 10:55:40PM","2020-02-11 10:58:24PM",10,7.0,0.29
A2IYGRTEJEB6DW,515,"2020-02-15 09:28:38PM","2020-02-15 09:28:48PM",2,1.0,0.06
A2IYGRTEJEB6DW,516,"2020-02-15 09:29:03PM","2020-02-15 09:32:38PM",10,8.0,0.27
A2IYGRTEJEB6DW,517,"2020-02-15 09:33:11PM","2020-02-15 09:35:07PM",9,6.0,0.22
A2IYGRTEJEB6DW,518,"2020-02-15 09:35:23PM","2020-02-15 09:37:56PM",10,8.0,0.26
A2IYGRTEJEB6DW,519,"2020-02-15 09:38:17PM","2020-02-15 09:40:09PM",8,6.0,0.23
A2KUEMZHTK9724,412,"2020-02-12 05:22:26PM","2020-02-12 05:23:24PM",10,8.0,0.24
A2KUEMZHTK9724,413,"2020-02-12 05:23:34PM","2020-02-12 05:24:26PM",10,8.0,0.24
A2KUEMZHTK9724,414,"2020-02-12 05:25:56PM","2020-02-12 05:25:56PM",9,6.0,0.23
A2KUEMZHTK9724,415,"2020-02-12 05:25:57PM","2020-02-12 05:27:58PM",10,9.0,0.29
A2KUEMZHTK9724,416,"2020-02-12 05:27:58PM","2020-02-12 05:28:11PM",10,7.0,0.28
A2MP227F412SIR,57,"2020-02-11 12:11:34PM","2020-02-11 12:13:26PM",10,3.0,0.25
A2MP227F412SIR,58,"2020-02-11 12:13:35PM","2020-02-11 12:15:13PM",9,6.0,0.25
A2MP227F412SIR,59,"2020-02-11 12:15:21PM","2020-02-11 12:15:57PM",6,5.0,0.17
A2MP227F412SIR,61,"2020-02-11 12:16:11PM","2020-02-11 12:16:11PM",1,0.0,0.02
A2MP227F412SIR,62,"2020-02-11 12:16:17PM","2020-02-11 12:16:38PM",4,2.0,0.11
A2MP227F412SIR,63,"2020-02-11 12:16:45PM","2020-02-11 12:17:46PM",10,7.0,0.26
A2MP227F412SIR,64,"2020-02-11 12:17:56PM","2020-02-11 12:18:45PM",10,4.0,0.27
A2NWJYV01PP63C,525,"2020-02-16 09:59:45AM","2020-02-16 10:02:06AM",10,5.0,0.29
A2NWJYV01PP63C,526,"2020-02-16 10:02:17AM","2020-02-16 10:04:27AM",9,5.0,0.27
A2NWJYV01PP63C,527,"2020-02-16 10:05:06AM","2020-02-16 10:06:36AM",9,7.0,0.25
A2NWJYV01PP63C,528,"2020-02-16 10:06:48AM","2020-02-16 10:08:12AM",10,9.0,0.24
A2NWJYV01PP63C,529,"2020-02-16 10:08:38AM","2020-02-16 10:11:22AM",10,4.0,0.25
A2NZLQZOFDE6EK,551,"2020-02-17 05:24:24PM","2020-02-17 05:26:10PM",10,9.0,0.22
A2NZLQZOFDE6EK,552,"2020-02-17 05:26:23PM","2020-02-17 05:27:28PM",9,6.0,0.2
A2NZLQZOFDE6EK,553,"2020-02-17 05:27:35PM","2020-02-17 05:28:45PM",10,8.0,0.25
A2NZLQZOFDE6EK,554,"2020-02-17 05:28:53PM","2020-02-17 05:29:51PM",10,5.0,0.28
A2NZLQZOFDE6EK,555,"2020-02-17 05:29:59PM","2020-02-17 05:30:43PM",10,6.0,0.27
A2QX7M306Z6ZJ7,416,"2020-02-12 06:08:50PM","2020-02-12 06:10:16PM",10,9.0,0.3
A2QX7M306Z6ZJ7,417,"2020-02-12 06:10:33PM","2020-02-12 06:11:44PM",10,8.0,0.3
A2QX7M306Z6ZJ7,418,"2020-02-12 06:11:55PM","2020-02-12 06:13:17PM",10,7.0,0.27
A2QX7M306Z6ZJ7,419,"2020-02-12 06:13:29PM","2020-02-12 06:14:40PM",10,7.0,0.24
A2QX7M306Z6ZJ7,420,"2020-02-12 06:14:55PM","2020-02-12 06:15:44PM",10,9.0,0.22
A2RE7TOH2OUS4U,428,"2020-02-12 07:12:41PM","2020-02-12 07:14:57PM",9,7.0,0.26
A2RE7TOH2OUS4U,429,"2020-02-12 07:15:05PM","2020-02-12 07:17:55PM",10,7.0,0.26
A2RE7TOH2OUS4U,430,"2020-02-12 07:18:05PM","2020-02-12 07:19:50PM",10,6.0,0.26
A2RE7TOH2OUS4U,431,"2020-02-12 07:20:14PM","2020-02-12 07:21:50PM",10,7.0,0.25
A2RE7TOH2OUS4U,432,"2020-02-12 07:22:02PM","2020-02-12 07:23:38PM",10,4.0,0.26
A2SLLV1I17REK,392,"2020-02-12 03:38:57PM","2020-02-12 03:38:57PM",1,1.0,0.03
A2SLLV1I17REK,393,"2020-02-12 03:39:35PM","2020-02-12 03:40:42PM",9,5.0,0.28
A2SLLV1I17REK,394,"2020-02-12 03:40:50PM","2020-02-12 03:42:21PM",10,5.0,0.27
A2SLLV1I17REK,395,"2020-02-12 03:42:32PM","2020-02-12 03:43:43PM",10,7.0,0.25
A2SLLV1I17REK,396,"2020-02-12 03:43:56PM","2020-02-12 03:45:07PM",10,8.0,0.26
A2TBEXK0NIDWEC,473,"2020-02-14 03:51:38AM","2020-02-14 03:56:02AM",10,8.0,0.31
A2TBEXK0NIDWEC,474,"2020-02-14 03:56:27AM","2020-02-14 03:59:49AM",10,4.0,0.29
A2TBEXK0NIDWEC,475,"2020-02-14 04:00:07AM","2020-02-14 04:04:13AM",9,6.0,0.27
A2TBEXK0NIDWEC,476,"2020-02-14 04:04:43AM","2020-02-14 04:06:10AM",5,3.0,0.13
A2TBEXK0NIDWEC,477,"2020-02-14 04:06:23AM","2020-02-14 04:08:23AM",10,7.0,0.27
A2U9UDH0HUYH3U,67,"2020-02-11 12:45:29PM","2020-02-11 12:46:24PM",10,7.0,0.26
A2U9UDH0HUYH3U,68,"2020-02-11 12:54:22PM","2020-02-11 12:55:15PM",8,6.0,0.23
A2U9UDH0HUYH3U,69,"2020-02-11 12:55:23PM","2020-02-11 12:58:28PM",10,6.0,0.25
A2U9UDH0HUYH3U,70,"2020-02-11 01:00:33PM","2020-02-11 12:59:00PM",10,7.0,0.28
A2U9UDH0HUYH3U,71,"2020-02-11 01:02:36PM","2020-02-11 01:03:59PM",10,7.0,0.31
A2VB559SBL3KKB,299,"2020-02-12 09:18:29AM","2020-02-12 09:20:30AM",9,4.0,0.24
A2VB559SBL3KKB,300,"2020-02-12 09:21:03AM","2020-02-12 09:22:46AM",8,5.0,0.22
A2VB559SBL3KKB,301,"2020-02-12 09:22:59AM","2020-02-12 09:24:29AM",9,3.0,0.23
A2VB559SBL3KKB,302,"2020-02-12 09:24:42AM","2020-02-12 09:27:39AM",10,7.0,0.26
A2VB559SBL3KKB,303,"2020-02-12 09:27:50AM","2020-02-12 09:31:03AM",10,7.0,0.24
A2XMKA4PI5O0C,90,"2020-02-11 01:44:12PM","2020-02-11 01:47:18PM",10,7.0,0.22
A2YMPGADK5MEP0,439,"2020-02-12 07:50:17PM","2020-02-12 07:51:38PM",10,7.0,0.27
A2Z65E2WBVVA2N,52,"2020-02-11 11:56:00AM","2020-02-11 11:57:43AM",9,7.0,0.29
A2Z65E2WBVVA2N,53,"2020-02-11 11:57:50AM","2020-02-11 12:01:02PM",8,5.0,0.24
A2Z65E2WBVVA2N,54,"2020-02-11 12:03:01PM","2020-02-11 12:09:20PM",10,5.0,0.27
A2Z65E2WBVVA2N,55,"2020-02-11 12:09:58PM","2020-02-11 12:11:16PM",9,6.0,0.26
A2Z65E2WBVVA2N,56,"2020-02-11 12:11:25PM","2020-02-11 12:13:06PM",9,4.0,0.23
A30MVTZP96EHL4,226,"2020-02-12 02:21:22AM","2020-02-12 02:22:56AM",10,5.0,0.2
A30MVTZP96EHL4,227,"2020-02-12 02:23:14AM","2020-02-12 02:24:30AM",9,6.0,0.23
A30MVTZP96EHL4,228,"2020-02-12 02:24:37AM","2020-02-12 02:25:29AM",8,6.0,0.18
A30MVTZP96EHL4,229,"2020-02-12 02:25:37AM","2020-02-12 02:27:15AM",10,6.0,0.27
A30MVTZP96EHL4,230,"2020-02-12 02:27:31AM","2020-02-12 02:28:27AM",9,5.0,0.26
A3325LLTO594TG,397,"2020-02-12 03:55:39PM","2020-02-12 03:56:39PM",10,9.0,0.3
A3325LLTO594TG,398,"2020-02-12 03:56:47PM","2020-02-12 03:57:40PM",10,6.0,0.28
A3325LLTO594TG,399,"2020-02-12 03:57:48PM","2020-02-12 03:59:47PM",10,9.0,0.27
A3325LLTO594TG,400,"2020-02-12 03:59:52PM","2020-02-12 04:00:44PM",10,7.0,0.26
A3325LLTO594TG,401,"2020-02-12 04:01:05PM","2020-02-12 04:01:53PM",10,8.0,0.24
A33Z2X2GR192YL,171,"2020-02-11 06:14:01PM","2020-02-11 06:16:55PM",9,6.0,0.23
A33Z2X2GR192YL,172,"2020-02-11 06:17:09PM","2020-02-11 06:19:12PM",10,3.0,0.26
A33Z2X2GR192YL,173,"2020-02-11 06:19:18PM","2020-02-11 06:20:38PM",10,7.0,0.28
A33Z2X2GR192YL,174,"2020-02-11 06:21:00PM","2020-02-11 06:23:05PM",10,8.0,0.28
A33Z2X2GR192YL,175,"2020-02-11 06:23:11PM","2020-02-11 06:24:31PM",10,5.0,0.29
A354YHGCCVW4N5,372,"2020-02-12 02:57:37PM","2020-02-12 02:59:36PM",9,6.0,0.21
A354YHGCCVW4N5,373,"2020-02-12 02:59:46PM","2020-02-12 03:01:03PM",10,7.0,0.25
A354YHGCCVW4N5,374,"2020-02-12 03:01:19PM","2020-02-12 03:02:17PM",9,6.0,0.22
A354YHGCCVW4N5,375,"2020-02-12 03:02:38PM","2020-02-12 03:04:02PM",9,9.0,0.23
A354YHGCCVW4N5,376,"2020-02-12 03:04:30PM","2020-02-12 03:05:26PM",7,6.0,0.17
A35UWK03FDJ4KV,298,"2020-02-12 08:56:26AM","2020-02-12 08:59:27AM",9,7.0,0.28
A37EAIRGC50VZN,456,"2020-02-13 11:24:06AM","2020-02-13 11:26:10AM",10,7.0,0.3
A37EAIRGC50VZN,457,"2020-02-13 11:26:19AM","2020-02-13 11:27:47AM",9,4.0,0.26
A37EAIRGC50VZN,458,"2020-02-13 11:27:54AM","2020-02-13 11:29:38AM",9,8.0,0.27
A37EAIRGC50VZN,460,"2020-02-13 11:30:16AM","2020-02-13 11:31:27AM",9,5.0,0.21
A39DY43GBH49SJ,149,"2020-02-11 05:24:36PM","2020-02-11 05:28:19PM",10,5.0,0.27
A39DY43GBH49SJ,150,"2020-02-11 05:28:38PM","2020-02-11 05:31:59PM",10,7.0,0.28
A39DY43GBH49SJ,151,"2020-02-11 05:33:14PM","2020-02-11 05:36:46PM",10,8.0,0.27
A39DY43GBH49SJ,152,"2020-02-11 05:37:08PM","2020-02-11 05:39:25PM",10,7.0,0.25
A39DY43GBH49SJ,153,"2020-02-11 05:39:33PM","2020-02-11 05:40:57PM",10,7.0,0.24
A3APBEWJRTCV4G,186,"2020-02-11 08:09:59PM","2020-02-11 08:12:22PM",8,5.0,0.2
A3APBEWJRTCV4G,187,"2020-02-11 08:12:49PM","2020-02-11 08:15:04PM",9,5.0,0.24
A3APBEWJRTCV4G,188,"2020-02-11 08:15:34PM","2020-02-11 08:17:42PM",10,8.0,0.27
A3APBEWJRTCV4G,189,"2020-02-11 08:17:54PM","2020-02-11 08:20:04PM",10,8.0,0.28
A3APBEWJRTCV4G,190,"2020-02-11 08:20:19PM","2020-02-11 08:21:55PM",10,9.0,0.3
A3C7Z9ALUTSXHX,374,"2020-02-12 02:58:55PM","2020-02-12 02:59:33PM",9,9.0,0.24
A3C7Z9ALUTSXHX,375,"2020-02-12 02:59:38PM","2020-02-12 03:00:22PM",10,8.0,0.29
A3C7Z9ALUTSXHX,376,"2020-02-12 03:00:42PM","2020-02-12 03:02:07PM",6,4.0,0.14
A3C7Z9ALUTSXHX,377,"2020-02-12 03:02:11PM","2020-02-12 03:02:47PM",9,9.0,0.22
A3C7Z9ALUTSXHX,378,"2020-02-12 03:02:55PM","2020-02-12 03:03:38PM",8,7.0,0.2
A3EUES1SETEUS6,561,"2020-02-17 07:48:32PM","2020-02-17 07:49:24PM",10,6.0,0.21
A3EUES1SETEUS6,562,"2020-02-17 07:49:31PM","2020-02-17 07:50:31PM",10,9.0,0.26
A3EUES1SETEUS6,563,"2020-02-17 07:50:40PM","2020-02-17 07:51:39PM",10,6.0,0.26
A3EUES1SETEUS6,564,"2020-02-17 07:51:48PM","2020-02-17 07:52:35PM",10,7.0,0.26
A3EUES1SETEUS6,565,"2020-02-17 07:52:43PM","2020-02-17 07:53:34PM",10,8.0,0.3
A3FH8K3XZJADMY,244,"2020-02-12 02:46:09AM","2020-02-12 02:49:08AM",8,6.0,0.2
A3FH8K3XZJADMY,245,"2020-02-12 02:49:26AM","2020-02-12 02:51:41AM",10,7.0,0.24
A3FH8K3XZJADMY,246,"2020-02-12 02:51:49AM","2020-02-12 02:54:17AM",9,6.0,0.22
A3FH8K3XZJADMY,247,"2020-02-12 02:54:41AM","2020-02-12 02:57:58AM",10,6.0,0.26
A3FH8K3XZJADMY,248,"2020-02-12 02:58:31AM","2020-02-12 03:00:03AM",9,8.0,0.25
A3FIN4CUQQ8RN7,101,"2020-02-11 02:15:21PM","2020-02-11 02:16:48PM",10,7.0,0.28
A3FIN4CUQQ8RN7,102,"2020-02-11 02:16:58PM","2020-02-11 02:19:18PM",10,8.0,0.25
A3FIN4CUQQ8RN7,103,"2020-02-11 02:19:29PM","2020-02-11 02:21:57PM",10,7.0,0.25
A3FIN4CUQQ8RN7,104,"2020-02-11 02:22:12PM","2020-02-11 02:23:51PM",10,6.0,0.24
A3FIN4CUQQ8RN7,105,"2020-02-11 02:24:02PM","2020-02-11 02:25:52PM",10,7.0,0.24
A3FPBA6Z1ZBVZE,235,"2020-02-12 02:28:53AM","2020-02-12 02:31:39AM",10,7.0,0.23
A3FPBA6Z1ZBVZE,236,"2020-02-12 02:31:51AM","2020-02-12 02:33:34AM",10,7.0,0.26
A3FPBA6Z1ZBVZE,237,"2020-02-12 02:33:47AM","2020-02-12 02:34:59AM",9,6.0,0.26
A3FPBA6Z1ZBVZE,238,"2020-02-12 02:35:10AM","2020-02-12 02:36:27AM",10,3.0,0.28
A3FPBA6Z1ZBVZE,239,"2020-02-12 02:36:39AM","2020-02-12 02:37:40AM",10,4.0,0.29
A3KT02CXO9T6Z8,141,"2020-02-11 04:51:26PM","2020-02-11 04:53:40PM",10,7.0,0.33
A3KT02CXO9T6Z8,142,"2020-02-11 04:53:50PM","2020-02-11 04:54:39PM",10,7.0,0.3
A3KT02CXO9T6Z8,143,"2020-02-11 04:54:49PM","2020-02-11 04:56:22PM",10,6.0,0.25
A3KT02CXO9T6Z8,144,"2020-02-11 04:56:26PM","2020-02-11 04:57:44PM",10,7.0,0.24
A3KT02CXO9T6Z8,145,"2020-02-11 04:57:50PM","2020-02-11 04:58:45PM",10,10.0,0.22
A3L2MMZBG6DHYS,211,"2020-02-12 02:03:20AM","2020-02-12 02:05:02AM",6,2.0,0.15
A3L2MMZBG6DHYS,212,"2020-02-12 02:05:15AM","2020-02-12 02:07:59AM",8,7.0,0.21
A3L2MMZBG6DHYS,217,"2020-02-12 02:08:41AM","2020-02-12 02:09:15AM",4,1.0,0.11
A3L2MMZBG6DHYS,218,"2020-02-12 02:09:42AM","2020-02-12 02:09:42AM",1,1.0,0.03
A3L2MMZBG6DHYS,219,"2020-02-12 02:09:59AM","2020-02-12 02:09:59AM",1,1.0,0.02
A3L2MMZBG6DHYS,220,"2020-02-12 02:10:35AM","2020-02-12 02:11:52AM",4,3.0,0.13
A3L2MMZBG6DHYS,222,"2020-02-12 02:12:03AM","2020-02-12 02:12:03AM",1,0.0,0.04
A3L2MMZBG6DHYS,223,"2020-02-12 02:12:16AM","2020-02-12 02:13:31AM",9,8.0,0.27
A3L2MMZBG6DHYS,224,"2020-02-12 02:13:46AM","2020-02-12 02:14:44AM",6,5.0,0.15
A3L2MMZBG6DHYS,225,"2020-02-12 02:15:18AM","2020-02-12 02:16:33AM",10,8.0,0.3
A3MF5GN0AFDWGN,407,"2020-02-12 04:43:10PM","2020-02-12 04:45:55PM",10,9.0,0.28
A3MF5GN0AFDWGN,408,"2020-02-12 04:48:56PM","2020-02-12 04:51:37PM",9,6.0,0.24
A3MF5GN0AFDWGN,409,"2020-02-12 04:51:50PM","2020-02-12 04:54:00PM",10,6.0,0.26
A3MF5GN0AFDWGN,410,"2020-02-12 04:54:24PM","2020-02-12 04:56:01PM",10,7.0,0.26
A3MF5GN0AFDWGN,411,"2020-02-12 04:56:26PM","2020-02-12 04:57:45PM",10,6.0,0.25
A3MG1TXKB2V3V7,467,"2020-02-13 01:54:06PM","2020-02-13 01:55:31PM",10,7.0,0.24
A3O5G4PAUHAVOI,339,"2020-02-12 01:03:12PM","2020-02-12 01:04:25PM",10,6.0,0.33
A3O5G4PAUHAVOI,340,"2020-02-12 01:04:34PM","2020-02-12 01:05:19PM",10,8.0,0.29
A3O5G4PAUHAVOI,341,"2020-02-12 01:06:32PM","2020-02-12 01:07:14PM",10,8.0,0.27
A3O5G4PAUHAVOI,342,"2020-02-12 01:07:23PM","2020-02-12 01:08:47PM",10,6.0,0.24
A3O5G4PAUHAVOI,343,"2020-02-12 01:09:04PM","2020-02-12 01:12:32PM",9,7.0,0.19
A3OW4Y37UD3SML,498,"2020-02-15 06:12:23PM","2020-02-15 06:14:23PM",10,7.0,0.24
A3OW4Y37UD3SML,499,"2020-02-15 06:14:58PM","2020-02-15 06:17:08PM",10,5.0,0.28
A3OW4Y37UD3SML,500,"2020-02-15 06:17:32PM","2020-02-15 06:19:19PM",9,7.0,0.27
A3OW4Y37UD3SML,501,"2020-02-15 06:19:28PM","2020-02-15 06:21:43PM",10,7.0,0.28
A3OW4Y37UD3SML,502,"2020-02-15 06:22:19PM","2020-02-15 06:23:22PM",10,6.0,0.33
A3PY2P6JOXTOF1,530,"2020-02-16 01:07:43PM","2020-02-16 01:09:48PM",10,8.0,0.22
A3PY2P6JOXTOF1,531,"2020-02-16 01:10:07PM","2020-02-16 01:11:55PM",10,7.0,0.25
A3PY2P6JOXTOF1,533,"2020-02-16 01:12:10PM","2020-02-16 01:13:49PM",10,7.0,0.27
A3PY2P6JOXTOF1,534,"2020-02-16 01:14:09PM","2020-02-16 01:15:52PM",10,5.0,0.28
A3Q84IRO57KUVU,131,"2020-02-11 04:18:07PM","2020-02-11 04:19:38PM",9,8.0,0.29
A3Q84IRO57KUVU,132,"2020-02-11 04:20:06PM","2020-02-11 04:21:34PM",10,6.0,0.3
A3Q84IRO57KUVU,133,"2020-02-11 04:21:44PM","2020-02-11 04:23:15PM",10,10.0,0.27
A3Q84IRO57KUVU,134,"2020-02-11 04:23:25PM","2020-02-11 04:24:50PM",10,10.0,0.29
A3Q84IRO57KUVU,135,"2020-02-11 04:25:07PM","2020-02-11 04:26:09PM",10,7.0,0.26
A3SVVZOT628LE8,9,"2020-02-11 08:26:04AM","2020-02-11 08:27:12AM",6,5.0,0.17
A3SVVZOT628LE8,10,"2020-02-11 08:27:24AM","2020-02-11 08:28:33AM",10,6.0,0.28
A3SVVZOT628LE8,11,"2020-02-11 08:28:42AM","2020-02-11 08:29:52AM",10,8.0,0.27
A3SVVZOT628LE8,12,"2020-02-11 08:29:57AM","2020-02-11 08:31:11AM",10,5.0,0.25
A3SVVZOT628LE8,13,"2020-02-11 08:31:32AM","2020-02-11 08:32:18AM",8,7.0,0.18
A3TVJTQUSMF8NI,96,"2020-02-11 01:54:23PM","2020-02-11 01:55:17PM",10,6.0,0.33
A3TVJTQUSMF8NI,97,"2020-02-11 01:55:26PM","2020-02-11 01:56:22PM",10,8.0,0.27
A3TVJTQUSMF8NI,98,"2020-02-11 01:56:35PM","2020-02-11 01:57:43PM",10,8.0,0.26
A3TVJTQUSMF8NI,99,"2020-02-11 01:57:48PM","2020-02-11 01:59:05PM",10,9.0,0.25
A3TVJTQUSMF8NI,100,"2020-02-11 01:59:16PM","2020-02-11 02:00:41PM",10,9.0,0.23
A3USIJJCFXMG33,345,"2020-02-12 01:19:50PM","2020-02-12 01:20:32PM",10,6.0,0.21
A3USIJJCFXMG33,346,"2020-02-12 01:20:37PM","2020-02-12 01:21:17PM",10,7.0,0.22
A3USIJJCFXMG33,347,"2020-02-12 01:21:21PM","2020-02-12 01:22:08PM",10,10.0,0.26
A3USIJJCFXMG33,348,"2020-02-12 01:22:13PM","2020-02-12 01:22:49PM",10,7.0,0.26
A3USIJJCFXMG33,349,"2020-02-12 01:22:52PM","2020-02-12 01:23:48PM",10,7.0,0.28
A46M35FVJ5YDS,65,"2020-02-11 12:38:49PM","2020-02-11 12:40:14PM",9,6.0,0.28
A46M35FVJ5YDS,66,"2020-02-11 12:40:27PM","2020-02-11 12:41:18PM",10,4.0,0.28
A46M35FVJ5YDS,67,"2020-02-11 12:41:23PM","2020-02-11 12:42:33PM",10,9.0,0.3
A46M35FVJ5YDS,68,"2020-02-11 12:42:47PM","2020-02-11 12:43:40PM",9,7.0,0.26
A46M35FVJ5YDS,69,"2020-02-11 12:43:50PM","2020-02-11 12:44:43PM",10,8.0,0.22
A4C4JPLX3M246,546,"2020-02-17 04:13:45PM","2020-02-17 04:15:57PM",10,9.0,0.29
A4C4JPLX3M246,547,"2020-02-17 04:16:09PM","2020-02-17 04:17:13PM",10,6.0,0.28
A4C4JPLX3M246,548,"2020-02-17 04:17:27PM","2020-02-17 04:19:41PM",10,8.0,0.27
A4C4JPLX3M246,549,"2020-02-17 04:19:53PM","2020-02-17 04:20:50PM",10,10.0,0.23
A4C4JPLX3M246,550,"2020-02-17 04:20:55PM","2020-02-17 04:21:41PM",9,8.0,0.24
A4RRZONHURU74,520,"2020-02-16 03:01:51AM","2020-02-16 03:02:48AM",9,7.0,0.26
A4RRZONHURU74,521,"2020-02-16 03:03:52AM","2020-02-16 03:04:40AM",10,9.0,0.27
A4RRZONHURU74,522,"2020-02-16 03:04:44AM","2020-02-16 03:07:07AM",10,10.0,0.27
A4RRZONHURU74,523,"2020-02-16 03:07:14AM","2020-02-16 03:08:43AM",10,8.0,0.26
A4RRZONHURU74,524,"2020-02-16 03:08:53AM","2020-02-16 03:09:57AM",10,8.0,0.18
A4SY4OEPSZ5M0,136,"2020-02-11 04:39:00PM","2020-02-11 04:40:28PM",9,4.0,0.28
A4SY4OEPSZ5M0,137,"2020-02-11 04:40:38PM","2020-02-11 04:41:30PM",9,5.0,0.26
A4SY4OEPSZ5M0,138,"2020-02-11 04:41:35PM","2020-02-11 04:42:43PM",10,6.0,0.25
A4SY4OEPSZ5M0,139,"2020-02-11 04:42:59PM","2020-02-11 04:44:00PM",10,7.0,0.24
A4SY4OEPSZ5M0,140,"2020-02-11 04:44:05PM","2020-02-11 04:45:03PM",10,5.0,0.22
A4VZVUVMM9M51,356,"2020-02-12 02:06:51PM","2020-02-12 02:08:34PM",10,7.0,0.27
A4VZVUVMM9M51,357,"2020-02-12 02:08:53PM","2020-02-12 02:09:59PM",10,4.0,0.26
A4VZVUVMM9M51,358,"2020-02-12 02:10:17PM","2020-02-12 02:11:16PM",10,8.0,0.26
A4VZVUVMM9M51,359,"2020-02-12 02:11:25PM","2020-02-12 02:12:25PM",10,5.0,0.24
A4VZVUVMM9M51,360,"2020-02-12 02:12:32PM","2020-02-12 02:13:31PM",10,6.0,0.25
A5JVR3MIY6ZU7,266,"2020-02-12 04:07:59AM","2020-02-12 04:08:51AM",7,5.0,0.2
A5JVR3MIY6ZU7,267,"2020-02-12 04:08:59AM","2020-02-12 04:10:11AM",8,5.0,0.23
A5JVR3MIY6ZU7,268,"2020-02-12 04:10:21AM","2020-02-12 04:11:29AM",9,8.0,0.26
A5JVR3MIY6ZU7,270,"2020-02-12 04:11:38AM","2020-02-12 04:12:41AM",10,7.0,0.29
A5JVR3MIY6ZU7,272,"2020-02-12 04:13:55AM","2020-02-12 04:14:04AM",3,2.0,0.06
A5JVR3MIY6ZU7,273,"2020-02-12 04:14:13AM","2020-02-12 04:14:13AM",1,1.0,0.03
A5JVR3MIY6ZU7,274,"2020-02-12 04:14:18AM","2020-02-12 04:14:18AM",1,1.0,0.01
A5JVR3MIY6ZU7,275,"2020-02-12 04:14:25AM","2020-02-12 04:15:04AM",10,6.0,0.28
A707WHGJTEF35,241,"2020-02-12 02:41:50AM","2020-02-12 02:43:20AM",10,7.0,0.28
A707WHGJTEF35,242,"2020-02-12 02:43:34AM","2020-02-12 02:44:30AM",9,6.0,0.26
A707WHGJTEF35,243,"2020-02-12 02:44:35AM","2020-02-12 02:45:45AM",10,8.0,0.25
A707WHGJTEF35,244,"2020-02-12 02:45:54AM","2020-02-12 02:47:07AM",10,9.0,0.24
A707WHGJTEF35,245,"2020-02-12 02:47:12AM","2020-02-12 02:48:39AM",10,7.0,0.26
A7BCBYYNSORBY,146,"2020-02-11 05:01:09PM","2020-02-11 05:02:42PM",10,8.0,0.27
A7BCBYYNSORBY,147,"2020-02-11 05:02:46PM","2020-02-11 05:03:44PM",10,9.0,0.28
A7BCBYYNSORBY,148,"2020-02-11 05:03:47PM","2020-02-11 05:04:47PM",10,8.0,0.28
A7BCBYYNSORBY,149,"2020-02-11 05:04:51PM","2020-02-11 05:05:54PM",10,8.0,0.3
A7BCBYYNSORBY,150,"2020-02-11 05:05:57PM","2020-02-11 05:07:13PM",10,6.0,0.31
A7QWSL1MOFVO7,438,"2020-02-12 07:49:29PM","2020-02-12 07:51:02PM",10,7.0,0.3
A7QWSL1MOFVO7,439,"2020-02-12 07:51:09PM","2020-02-12 07:57:26PM",10,4.0,0.27
A7QWSL1MOFVO7,440,"2020-02-12 07:57:34PM","2020-02-12 08:03:19PM",10,6.0,0.26
A7QWSL1MOFVO7,441,"2020-02-12 08:03:32PM","2020-02-12 08:05:52PM",10,6.0,0.25
A7QWSL1MOFVO7,442,"2020-02-12 08:06:36PM","2020-02-12 08:08:47PM",9,5.0,0.19
AB4SWSQGKADYJ,32,"2020-02-11 10:32:49AM","2020-02-11 10:33:38AM",10,8.0,0.3
AB4SWSQGKADYJ,33,"2020-02-11 10:33:45AM","2020-02-11 10:34:52AM",10,5.0,0.3
AB4SWSQGKADYJ,34,"2020-02-11 10:35:00AM","2020-02-11 10:35:42AM",10,8.0,0.25
AB4SWSQGKADYJ,35,"2020-02-11 10:35:47AM","2020-02-11 10:36:46AM",10,9.0,0.25
AB4SWSQGKADYJ,36,"2020-02-11 10:36:53AM","2020-02-11 10:38:18AM",10,5.0,0.23
AEDANPWFSD3KB,228,"2020-02-12 02:24:58AM","2020-02-12 02:25:51AM",8,4.0,0.24
AEDANPWFSD3KB,229,"2020-02-12 02:25:59AM","2020-02-12 02:27:01AM",10,8.0,0.28
AEDANPWFSD3KB,230,"2020-02-12 02:27:09AM","2020-02-12 02:28:06AM",10,4.0,0.29
AEDANPWFSD3KB,231,"2020-02-12 02:28:12AM","2020-02-12 02:29:00AM",10,8.0,0.27
AEDANPWFSD3KB,232,"2020-02-12 02:29:06AM","2020-02-12 02:29:43AM",10,8.0,0.28
AHFWMHXRTGDK9,193,"2020-02-11 11:27:22PM","2020-02-11 11:28:35PM",10,7.0,0.32
AHFWMHXRTGDK9,194,"2020-02-11 11:28:46PM","2020-02-11 11:30:04PM",10,9.0,0.28
AHFWMHXRTGDK9,195,"2020-02-11 11:30:09PM","2020-02-11 11:30:56PM",10,9.0,0.27
AHFWMHXRTGDK9,196,"2020-02-11 11:31:02PM","2020-02-11 11:32:01PM",10,7.0,0.26
AHFWMHXRTGDK9,197,"2020-02-11 11:32:06PM","2020-02-11 11:32:56PM",10,5.0,0.23
AHLY43ZD9BNAF,181,"2020-02-11 07:19:35PM","2020-02-11 07:21:18PM",10,7.0,0.27
AHLY43ZD9BNAF,182,"2020-02-11 07:21:29PM","2020-02-11 07:22:25PM",10,7.0,0.26
AHLY43ZD9BNAF,183,"2020-02-11 07:22:41PM","2020-02-11 07:23:55PM",10,9.0,0.24
AHLY43ZD9BNAF,184,"2020-02-11 07:24:03PM","2020-02-11 07:24:48PM",10,6.0,0.25
AHLY43ZD9BNAF,185,"2020-02-11 07:24:53PM","2020-02-11 07:25:54PM",10,7.0,0.23
AHPW5R1OVKV1X,401,"2020-02-12 04:00:26PM","2020-02-12 04:01:54PM",10,8.0,0.32
AHPW5R1OVKV1X,402,"2020-02-12 04:02:05PM","2020-02-12 04:03:03PM",10,8.0,0.28
AHPW5R1OVKV1X,403,"2020-02-12 04:03:15PM","2020-02-12 04:04:23PM",10,9.0,0.26
AHPW5R1OVKV1X,404,"2020-02-12 04:04:28PM","2020-02-12 04:05:25PM",10,8.0,0.27
AHPW5R1OVKV1X,405,"2020-02-12 04:05:31PM","2020-02-12 04:06:27PM",10,7.0,0.24
AIFRN9GF0Q1ZI,109,"2020-02-11 02:21:53PM","2020-02-11 02:24:39PM",10,5.0,0.31
AIFRN9GF0Q1ZI,110,"2020-02-11 02:25:29PM","2020-02-11 02:26:57PM",7,5.0,0.19
AIFRN9GF0Q1ZI,111,"2020-02-11 02:27:32PM","2020-02-11 02:29:44PM",10,5.0,0.29
AIFRN9GF0Q1ZI,112,"2020-02-11 02:30:04PM","2020-02-11 02:32:07PM",10,5.0,0.29
AIFRN9GF0Q1ZI,113,"2020-02-11 02:32:27PM","2020-02-11 02:34:20PM",10,8.0,0.29
ALWIVW72RVB5E,461,"2020-02-13 11:51:18AM","2020-02-13 11:52:56AM",8,6.0,0.24
ALWIVW72RVB5E,462,"2020-02-13 11:53:04AM","2020-02-13 11:55:03AM",8,3.0,0.21
ALWIVW72RVB5E,463,"2020-02-13 11:55:45AM","2020-02-13 11:57:51AM",10,7.0,0.26
ALWIVW72RVB5E,464,"2020-02-13 11:58:01AM","2020-02-13 11:59:18AM",9,7.0,0.24
ALWIVW72RVB5E,465,"2020-02-13 11:59:59AM","2020-02-13 12:01:23PM",10,8.0,0.26
ANMV627610253,315,"2020-02-12 10:41:20AM","2020-02-12 10:47:56AM",7,4.0,0.21
ANMV627610253,316,"2020-02-12 10:52:52AM","2020-02-12 10:55:25AM",9,5.0,0.26
ANMV627610253,317,"2020-02-12 10:55:53AM","2020-02-12 10:59:25AM",10,4.0,0.29
ANMV627610253,318,"2020-02-12 10:59:36AM","2020-02-12 11:02:32AM",10,8.0,0.26
ANMV627610253,319,"2020-02-12 11:02:54AM","2020-02-12 11:04:03AM",10,9.0,0.24
AQSK1671FL496,154,"2020-02-11 05:36:07PM","2020-02-11 05:37:23PM",10,9.0,0.26
AQSK1671FL496,155,"2020-02-11 05:37:36PM","2020-02-11 05:39:09PM",10,7.0,0.24
AQSK1671FL496,156,"2020-02-11 05:39:28PM","2020-02-11 05:40:35PM",8,5.0,0.2
AQSK1671FL496,157,"2020-02-11 05:40:49PM","2020-02-11 05:42:11PM",10,6.0,0.25
AQSK1671FL496,158,"2020-02-11 05:42:23PM","2020-02-11 05:43:32PM",10,8.0,0.28
AR73R3ZQI14UA,536,"2020-02-16 05:44:08PM","2020-02-16 05:45:01PM",9,5.0,0.27
AR73R3ZQI14UA,537,"2020-02-16 05:45:19PM","2020-02-16 05:46:37PM",10,9.0,0.32
AR73R3ZQI14UA,538,"2020-02-16 05:46:52PM","2020-02-16 05:47:58PM",10,7.0,0.25
AR73R3ZQI14UA,539,"2020-02-16 05:48:52PM","2020-02-16 05:49:56PM",10,7.0,0.24
AR73R3ZQI14UA,540,"2020-02-16 05:50:24PM","2020-02-16 05:51:27PM",10,7.0,0.21
AUGN7P7HPWY1H,191,"2020-02-11 09:37:33PM","2020-02-11 09:38:55PM",10,8.0,0.22
AV8JH6BU0LTCR,166,"2020-02-11 06:07:00PM","2020-02-11 06:08:17PM",10,7.0,0.23
AV8JH6BU0LTCR,167,"2020-02-11 06:08:36PM","2020-02-11 06:09:47PM",9,3.0,0.24
AV8JH6BU0LTCR,168,"2020-02-11 06:09:53PM","2020-02-11 06:10:45PM",10,7.0,0.26
AV8JH6BU0LTCR,169,"2020-02-11 06:10:56PM","2020-02-11 06:11:58PM",10,8.0,0.28
AV8JH6BU0LTCR,170,"2020-02-11 06:12:03PM","2020-02-11 06:12:45PM",10,6.0,0.31
AW4G5K5PBW3C4,203,"2020-02-12 01:02:01AM","2020-02-12 01:03:28AM",9,6.0,0.21
AW4G5K5PBW3C4,204,"2020-02-12 01:03:36AM","2020-02-12 01:04:40AM",10,7.0,0.28
AW4G5K5PBW3C4,205,"2020-02-12 01:04:50AM","2020-02-12 01:06:06AM",10,10.0,0.28
AW4G5K5PBW3C4,206,"2020-02-12 01:06:46AM","2020-02-12 01:07:35AM",10,10.0,0.3
AW4G5K5PBW3C4,207,"2020-02-12 01:08:05AM","2020-02-12 01:08:40AM",9,6.0,0.26
AWGOTRBZPJYWN,126,"2020-02-11 03:42:06PM","2020-02-11 03:43:18PM",10,9.0,0.24
AWGOTRBZPJYWN,127,"2020-02-11 03:44:13PM","2020-02-11 03:44:53PM",7,6.0,0.2
AWGOTRBZPJYWN,128,"2020-02-11 03:45:03PM","2020-02-11 03:46:39PM",9,6.0,0.25
AWGOTRBZPJYWN,129,"2020-02-11 03:46:56PM","2020-02-11 03:47:59PM",10,9.0,0.29
AWIG92ISYM93N,326,"2020-02-12 11:35:29AM","2020-02-12 11:37:06AM",10,6.0,0.24
AWIG92ISYM93N,327,"2020-02-12 11:37:21AM","2020-02-12 11:38:44AM",10,5.0,0.27
AWIG92ISYM93N,328,"2020-02-12 11:39:12AM","2020-02-12 11:39:55AM",10,8.0,0.26
AWIG92ISYM93N,329,"2020-02-12 11:40:11AM","2020-02-12 11:41:15AM",10,6.0,0.28
AWIG92ISYM93N,330,"2020-02-12 11:41:32AM","2020-02-12 11:42:48AM",10,7.0,0.26
AWIJA22L1YW6N,262,"2020-02-12 04:00:52AM","2020-02-12 04:02:25AM",10,3.0,0.24
AWIJA22L1YW6N,263,"2020-02-12 04:02:40AM","2020-02-12 04:04:12AM",10,6.0,0.24
AWIJA22L1YW6N,264,"2020-02-12 04:04:22AM","2020-02-12 04:05:42AM",10,9.0,0.26
AWIJA22L1YW6N,265,"2020-02-12 04:05:53AM","2020-02-12 04:07:37AM",10,9.0,0.26
AWIJA22L1YW6N,266,"2020-02-12 04:07:45AM","2020-02-12 04:09:25AM",10,6.0,0.34
AX9LH5UKXP452,510,"2020-02-15 08:32:13PM","2020-02-15 08:33:56PM",10,8.0,0.27
AX9LH5UKXP452,511,"2020-02-15 08:34:12PM","2020-02-15 08:35:15PM",10,10.0,0.26
AX9LH5UKXP452,512,"2020-02-15 08:35:25PM","2020-02-15 08:36:52PM",10,8.0,0.26
AX9LH5UKXP452,513,"2020-02-15 08:37:04PM","2020-02-15 08:38:32PM",10,8.0,0.26
AX9LH5UKXP452,514,"2020-02-15 08:38:37PM","2020-02-15 08:40:16PM",10,6.0,0.23
AYZ10DNMOH3GG,427,"2020-02-12 06:43:27PM","2020-02-12 06:43:45PM",2,1.0,0.02
AZSIQOEHMFQ4J,282,"2020-02-12 04:40:27AM","2020-02-12 04:40:55AM",10,9.0,0.3
AZSIQOEHMFQ4J,283,"2020-02-12 04:41:03AM","2020-02-12 04:41:51AM",10,8.0,0.29
AZSIQOEHMFQ4J,284,"2020-02-12 04:41:59AM","2020-02-12 04:42:50AM",10,6.0,0.26
AZSIQOEHMFQ4J,285,"2020-02-12 04:42:55AM","2020-02-12 04:43:49AM",10,7.0,0.27
AZSIQOEHMFQ4J,286,"2020-02-12 04:44:17AM","2020-02-12 04:45:16AM",9,5.0,0.23
